City_ID,City,Lat,Lng,Max Temp,Humidity,Cloudiness,Wind Speed,Country,Date
0,ushuaia,-87.88973079108085,-76.08612083500857,-41.2,91,15,6.81,ar,1680639487
1,fort nelson,63.18000118356167,-120.34191985681912,-7.17,81,7,4.32,ca,1680639488
2,albany,-75.82286155428162,104.11980073164136,-29.61,99,100,3.88,au,1680639488
3,lashio,22.103770651944814,97.72275239464915,15.85,39,10,0.95,mm,1680639489
4,te anau,-43.080785193055306,166.64394073989058,16.34,87,97,8.74,nz,1680639489
5,kaitangata,-62.743109336650924,173.19058799529387,2.61,81,100,8.65,nz,1680639490
6,buala,-78.09145264953148,-67.44325091438698,-18.46,98,99,4.55,ar,1680639490
7,beringovskiy,-3.4066792169742826,162.3872649810396,28.82,74,99,5.29,sb,1680639490
8,boqueirao,50.2450400124568,179.33882182384167,3.96,72,100,1.04,ru,1680639491
9,hithadhoo,-7.609649850159968,-36.011868787325824,24.03,73,97,4.34,br,1680639491
10,batagay-alyta,-19.866126581278564,85.54078723732141,24.57,77,56,10.12,mv,1680639491
11,port hardy,66.91927519624835,129.6640296355248,-12.91,96,100,1.31,ru,1680639492
12,faanui,51.95942554356614,-128.74397666584565,8.22,73,100,5.53,ca,1680639492
13,cayenne,-11.791713957596613,-153.0912554078247,28.13,69,4,4.92,pf,1680639492
14,vaini,6.45458121449775,-51.24349943007846,26.26,73,85,8.65,gf,1680639493
15,tsihombe,-27.77277968591114,-179.43045427360875,22.24,65,22,5.36,to,1680639493
16,victor harbor,-33.44716488433732,44.14825706798774,21.53,87,97,1.93,mg,1680639493
17,mar del plata,-30.09642658722067,-169.9454172557369,21.37,65,100,8.46,to,1680639493
18,norman wells,-36.555837182924755,139.41670670170788,16.33,74,2,5.61,au,1680639494
19,busselton,-65.87634442749516,-31.604836905606703,-0.38,95,12,7.01,ar,1680639494
20,mabaruma,71.5097101077028,-120.44673940747268,-18.27,94,100,3.0,ca,1680639494
21,rikitea,-85.26590048769415,77.9720978147381,-41.53,96,15,6.58,au,1680639494
22,talnakh,7.731015868523784,-60.28897541043014,32.36,40,23,3.38,gy,1680639495
23,turukhansk,-58.50108354440629,-123.46022738151143,0.16,58,100,10.29,pf,1680639495
24,mataura,73.18385314943015,91.59887847333073,-20.99,98,100,7.27,ru,1680639495
25,fukue,62.55553050078154,86.63128111222,-19.85,100,63,2.04,ru,1680639496
26,bethel,-33.957298427229105,-148.07913557267602,19.05,70,98,6.35,pf,1680639496
27,provideniya,32.41248183027777,128.78559437077973,18.16,77,100,14.12,jp,1680639496
28,butaritari,52.0939800771454,-168.85778558233997,3.82,89,97,4.8,us,1680639496
29,atuona,55.26967972598885,-173.66266972732078,1.35,83,100,8.38,ru,1680639497
30,kapaa,21.88555883893963,166.98363954495682,24.75,87,10,9.26,ki,1680639497
31,maningrida,1.5397533352690544,-122.35352793426706,26.63,75,65,2.3,pf,1680639497
32,isla mujeres,76.49121896127329,-121.83779112332718,-21.73,86,11,0.94,ca,1680639498
33,bargal,26.993684218167886,-165.97196061799008,21.36,86,18,6.31,us,1680639498
34,bandarbeyla,-12.131188701697866,133.96643604441738,22.81,83,36,2.04,au,1680639498
35,poum,22.449745525075315,-86.59799066103497,26.22,81,8,7.99,mx,1680639499
36,antofagasta,-81.72997115630339,93.37516801926353,-41.54,100,89,4.81,au,1680639499
37,cam pha,11.628689210041742,54.610046103609136,27.85,67,6,4.82,so,1680639499
38,tasiilaq,9.454668252155557,53.44075800158555,27.73,75,15,5.21,so,1680639500
39,jamestown,-22.004269508010182,159.85095122849992,26.37,78,10,3.16,nc,1680639500
40,kahului,-23.947957905900466,-75.20231471873166,20.52,76,8,5.89,cl,1680639500
41,qaanaaq,-21.867194057402415,-117.10366469782956,25.16,67,10,1.8,pf,1680639500
42,geraldton,21.198514512132178,107.84981668357995,22.96,93,93,3.45,vn,1680639501
43,tatishchevo,61.19843928316868,-31.034159600751053,5.23,82,100,12.3,gl,1680639501
44,castro,-39.613352937600325,-5.830537264395588,15.78,96,9,8.58,sh,1680639501
45,illoqqortoormiut,26.811459313026873,-154.65204153382203,20.83,81,100,7.26,us,1680639502
46,clearwater,84.81540863796681,-68.91776817896593,-29.3,100,9,1.33,gl,1680639502
47,mitzic,-30.183952363011883,113.18708015816901,20.25,60,10,8.06,au,1680639503
48,yellowknife,51.88180981673659,45.57800900716177,11.22,72,79,0.93,ru,1680639503
49,barentsburg,-50.273694006529034,-102.54481298964049,5.43,54,98,10.6,cl,1680639503
50,mecca,88.6335840070891,-12.74036325991051,-32.58,100,29,2.92,gl,1680639504
51,havre-saint-pierre,28.086300519903105,-84.71169190426129,23.92,88,2,4.78,us,1680639504
52,bengkulu,0.41235808055387224,11.113022351480396,20.39,98,99,0.75,ga,1680639505
53,vila franca do campo,75.94327985754902,-107.39895060393572,-22.44,94,60,0.56,ca,1680639505
54,luderitz,-58.73488272933921,-129.76968502714186,0.37,63,100,8.97,pf,1680639505
55,la ronge,89.54807602702058,5.44551618969524,-30.42,100,100,3.64,sj,1680639505
56,caucaia,-73.1201011533526,119.39335796628478,-25.59,99,100,4.9,au,1680639506
57,wagar,22.213283857062834,43.14088849651381,22.98,21,99,6.51,sa,1680639506
58,verkhnevilyuysk,56.44405329892041,-63.29404433109249,-13.98,82,78,8.69,ca,1680639506
59,paramonga,-87.54453777624137,-146.91873866328612,-34.03,81,51,12.2,pf,1680639507
60,erenhot,-8.324963394528112,95.05636329405587,26.73,73,42,2.63,id,1680639507
61,arraial do cabo,40.63062371671714,-20.743136373762695,14.81,84,8,6.71,pt,1680639507
62,taoudenni,-50.13059650665818,-171.63921903429235,10.4,72,97,11.08,to,1680639508
63,raymond,-30.396799901696788,8.810106203320373,19.75,77,0,7.01,na,1680639508
64,coihueco,-58.33836247240794,-34.60389759803601,1.0,97,81,0.72,ar,1680639508
65,new norfolk,-38.74477631178098,-146.97460111238735,17.47,81,0,3.36,pf,1680639508
66,xining,59.14047502208561,-107.25890207083762,-4.43,80,100,1.86,ca,1680639509
67,bubaque,-19.522209154156613,-111.18962490497533,25.45,74,41,6.25,pf,1680639509
68,severo-kurilsk,66.20205668568431,-121.22947225374054,-8.1,88,94,4.66,ca,1680639509
69,hilo,1.1784309853076849,-35.30323528285018,27.27,74,61,5.24,br,1680639510
70,taolanaro,16.62257932092605,37.00077566830785,26.08,40,100,2.64,sd,1680639510
71,lugo,61.392961422904364,119.97785384732265,-13.02,89,100,5.96,ru,1680639510
72,sitka,-12.200488550278621,-80.81088262004911,25.58,73,14,2.41,pe,1680639511
73,cape town,-62.65364080690772,-116.54915601828847,-1.3,72,100,12.82,pf,1680639511
74,puerto ayora,43.75100941589159,111.67107096874275,1.46,36,100,0.2,cn,1680639511
75,melfi,-29.622192263436425,-4.651222270918964,22.45,64,35,4.11,sh,1680639512
76,las vegas,80.86495877696976,-84.95899074902093,-23.57,68,23,0.72,gl,1680639512
77,yirol,-42.98127874869097,-24.868422507175524,9.83,67,100,11.28,br,1680639512
78,khatanga,25.321712245633563,-3.4229115096023577,30.9,7,0,5.19,ml,1680639513
79,tiksi,49.439405194606536,-112.50113389077663,-2.84,80,100,2.06,ca,1680639513
80,tay ninh,83.51478727948623,-3.590147731975179,-32.06,100,19,2.76,sj,1680639513
81,oktyabrskiy,-72.42011452654492,-158.18635286656786,-17.62,91,100,5.69,pf,1680639514
82,teguldet,-37.043210803863516,-70.74076511435615,24.21,10,0,2.15,cl,1680639514
83,laguna,-62.94301361192853,133.3058200113299,-0.95,70,100,4.12,au,1680639514
84,umzimvubu,-67.68106832971557,-178.87994896555443,-0.91,88,16,9.13,to,1680639514
85,clyde river,-71.22239445569693,176.47530723471203,-18.31,95,100,5.07,nz,1680639515
86,murwara,33.548245555734,97.70087450430111,-11.26,65,100,0.22,cn,1680639515
87,fortuna,-19.509300336230652,162.2321657831879,27.75,77,14,4.08,nc,1680639515
88,college,-11.358049524709585,-7.263855048360483,25.01,66,47,3.49,sh,1680639516
89,georgetown,-89.71100999908413,121.99709594870723,-37.72,82,100,5.14,au,1680639516
90,luena,7.4124866473062525,-17.770154398112,27.95,75,15,2.0,gw,1680639516
91,tasbuget,36.3055508918015,161.78371609033076,11.64,67,37,10.59,ru,1680639517
92,abu dhabi,-43.6639615632194,-139.05647475245195,12.63,68,100,5.5,pf,1680639517
93,paracuru,73.99903576373185,-106.54667531336379,-23.0,94,69,1.47,ca,1680639517
94,mackay,-44.83757228037984,-123.4071367498203,11.37,77,91,9.42,pf,1680639517
95,kodinsk,87.56213917948162,-105.10269592585132,-29.99,100,17,3.0,ca,1680639518
96,thompson,88.79783224702234,-71.07595487948984,-31.2,100,31,3.16,gl,1680639518
97,nuuk,72.90125116640189,-113.01186475895736,-18.47,82,93,1.98,ca,1680639518
98,plouzane,9.05930110700396,-153.80569373985892,25.79,86,53,9.47,us,1680639518
99,hermanus,-58.66200347605036,60.92325551885858,-0.38,90,100,10.89,mg,1680639519
100,yulara,42.87651936355317,-7.68747027841556,8.1,95,3,1.83,es,1680639519
101,waipawa,47.72745329881377,-139.32477349333186,7.68,99,100,6.64,us,1680639520
102,yomitan,-77.49097466342859,-15.680671243625966,-36.77,87,28,1.96,za,1680639520
103,belushya guba,-64.71546619180467,-41.10136852635878,0.55,91,100,11.42,ar,1680639520
104,liepaja,-1.887630292085177,-102.49575085923598,26.75,77,30,2.86,ec,1680639520
105,westport,6.728003329882725,-148.0889849110726,25.72,86,100,10.85,us,1680639521
106,mahebourg,11.50185367582965,17.71710617861453,34.44,12,100,1.67,td,1680639521
107,dikson,35.62524671792936,-104.4468547626797,15.96,15,0,17.83,us,1680639521
108,carikar,69.88263987310381,-22.608452478450744,-13.31,86,100,12.93,gl,1680639522
109,bereda,6.844222221778466,30.172675080917514,31.61,28,83,1.57,sd,1680639522
110,hobart,-67.24870627604555,-48.3729326534596,0.36,96,100,13.34,ar,1680639522
111,amderma,84.59603419543492,98.12362348225298,-21.55,98,100,4.19,ru,1680639522
112,nishihara,74.187909890978,127.37769380077026,-22.04,97,100,4.73,ru,1680639523
113,flin flon,11.170153165156677,106.40987898158187,28.02,82,100,3.1,vn,1680639523
114,ponta do sol,52.487095174542105,153.92650698258933,-0.36,91,95,8.83,ru,1680639523
115,narsaq,-67.6751799253716,92.67161670968812,-20.13,83,99,6.19,au,1680639524
116,vaitupu,60.15807614551747,89.38888400896661,-13.91,97,25,2.07,ru,1680639524
117,sorvag,51.00658435715167,-130.7463026266894,5.56,71,100,7.04,ca,1680639524
118,port augusta,-32.472920202682936,-45.261834272647405,18.54,92,100,1.98,br,1680639525
119,pisco,-46.01527568568875,40.8560947967332,9.04,88,100,15.61,za,1680639525
120,carnarvon,71.61905142307086,-82.90656233653331,-24.63,94,7,1.13,ca,1680639525
121,homer,61.754460514955554,-123.82465993994386,-2.74,78,46,1.62,ca,1680639526
122,sarh,-51.52515262800719,-18.63926681117991,3.47,69,100,7.66,br,1680639526
123,coquimbo,23.620755253678993,80.42637840577572,24.23,37,41,0.51,in,1680639527
124,bredasdorp,34.793948599092715,-139.2163540020011,13.94,61,100,2.89,us,1680639527
125,auki,64.81436857740928,-150.27401406915715,-0.84,96,100,2.98,us,1680639527
126,lata,-81.68175108524575,89.51083969410035,-38.67,95,99,4.32,au,1680639528
127,bilibino,-2.589311398225007,-24.211503793828143,27.76,69,13,1.29,sh,1680639528
128,saint-philippe,13.736854191497216,-134.3995479074934,23.41,82,81,8.99,us,1680639528
129,saskylakh,-12.100522138877324,19.844737868778793,17.28,96,100,1.41,ao,1680639529
130,lorengau,-1.3922343257922591,71.19721402235197,27.95,72,2,2.42,mv,1680639529
131,mahanoro,45.562559397041866,65.8844113285549,12.13,38,4,3.99,kz,1680639529
132,sergeyevka,-77.99793371971515,95.0242982197297,-34.94,99,100,4.51,au,1680639529
133,shahr-e babak,24.22506059661164,54.55625485197001,24.36,59,1,4.16,ae,1680639530
134,palabuhanratu,6.329002810268136,-32.57296129788614,25.74,72,75,5.4,br,1680639530
135,port alfred,-16.98816430229759,155.23260159773622,27.66,77,100,2.37,au,1680639530
136,katsuura,58.690718368506225,100.21062334791674,-14.87,97,44,2.49,ru,1680639531
137,nizhniy ufaley,61.78048152616327,-101.18621178043281,-13.97,90,97,2.04,ca,1680639531
138,chuy,60.269648792438744,-55.75154785548871,-0.77,73,100,11.26,gl,1680639531
139,severo-yeniseyskiy,47.2659352341291,-5.992382356553833,10.16,59,50,1.24,fr,1680639532
140,upernavik,-53.06423044444669,12.865623979472929,0.3,85,8,8.18,za,1680639532
141,vila velha,-26.000625407481174,129.22555790338606,21.12,79,96,2.4,au,1680639532
142,barrow,-8.603268371336682,-156.52398336331,28.84,72,6,6.64,pf,1680639532
143,gjirokaster,-44.88035024440965,179.65775995196537,13.78,74,4,8.07,nz,1680639533
144,itupiranga,-87.91029167649138,86.95895205510686,-43.22,84,85,5.52,au,1680639533
145,punta arenas,-86.63587178110873,-76.34049061711917,-35.94,66,0,9.64,ar,1680639533
146,port lincoln,27.47385490121492,125.4688710365453,21.89,75,100,10.25,jp,1680639534
147,bluff,-52.895266415522805,-48.694600071273584,6.39,96,100,8.4,ar,1680639534
148,saldanha,89.69789109392616,56.0380573198924,-30.08,100,100,3.87,ru,1680639534
149,porto novo,56.801194014313694,19.731481186403528,1.03,68,80,7.48,lv,1680639535
150,avarua,-28.59668348940378,-21.1342416403445,23.44,62,46,6.46,sh,1680639535
151,tessalit,-36.85770852372274,163.34723059815337,18.56,70,100,4.78,nz,1680639535
152,mkushi,-36.40641649595188,71.52521029976936,18.33,67,76,8.18,mu,1680639535
153,marienburg,87.8944664447886,77.14287924857427,-29.5,100,65,4.09,ru,1680639536
154,sibolga,34.96786568531195,69.075591447974,3.74,65,90,1.23,af,1680639536
155,mahibadhoo,-70.35338122501538,91.5338840790721,-29.24,93,100,7.06,au,1680639536
156,kodiak,14.128266044487788,52.38795018787704,27.46,70,17,6.1,so,1680639537
157,richards bay,-83.11734633082862,150.84524735836686,-31.66,56,21,11.76,au,1680639537
158,prieska,88.74063340214292,66.4903117544765,-30.54,100,88,3.68,ru,1680639537
159,kaeo,19.535563892525857,133.2446371614796,23.85,71,100,11.05,jp,1680639537
160,shingu,-57.94150084100721,142.73178600884995,1.68,66,99,11.89,au,1680639538
161,kirakira,64.62480682394025,-102.41295529389441,-20.06,89,18,2.21,ca,1680639538
162,banmo,26.01807419119673,-35.675526099694224,21.37,77,29,9.22,cv,1680639538
163,port-cartier,79.3731105078138,-65.34186734297737,-29.05,77,0,1.87,gl,1680639538
164,pangody,-14.019931825648243,-121.00850433774742,26.29,69,18,4.84,pf,1680639539
165,namibe,-8.62003066230271,-176.50167066708863,28.56,75,8,5.62,wf,1680639539
166,baryshivka,5.489293681861312,-175.56159746486935,27.76,80,8,9.74,wf,1680639540
167,christchurch,-23.73868583589595,-124.59213391261476,26.39,79,100,2.72,pf,1680639540
168,vilhena,76.61108424666054,3.950079670703616,-4.97,61,100,4.94,sj,1680639540
169,anadyr,79.74322530068366,-28.14382829107859,-34.83,100,94,0.59,gl,1680639541
170,labuhan,-32.76813407515662,102.58160971328988,18.09,67,100,4.1,au,1680639541
171,vallenar,78.46156184213623,-30.684348416699237,-39.45,82,2,3.53,gl,1680639542
172,nanortalik,60.29993814872776,-9.310737783576087,9.5,96,100,11.41,fo,1680639542
173,yerbogachen,-35.49540856010809,1.91206180219541,18.76,90,0,7.42,na,1680639542
174,esperance,-29.88695181212824,136.31047617185874,22.11,24,100,3.99,au,1680639543
175,kenitra,-22.25756692041486,-93.08505397650701,22.7,71,10,5.33,pe,1680639543
176,uvalde,69.38058572888855,-90.21884242329483,-21.14,90,49,1.14,ca,1680639543
177,cap malheureux,-30.915234496698808,87.8684193027803,20.16,79,100,12.08,au,1680639544
178,kruisfontein,61.24846458850689,-156.20116208905083,0.6,100,100,6.25,us,1680639544
179,urdzhar,8.53977425501914,18.634087286734342,30.52,35,100,0.87,td,1680639544
180,hovd,-28.01458627740012,-77.55038993493771,18.73,68,20,4.25,cl,1680639544
181,longjiang,-71.24003121585469,18.106059900945866,-18.85,76,100,4.51,za,1680639545
182,kimbe,-5.088983376007178,164.12516238921637,28.77,74,64,4.98,sb,1680639545
183,tromso,-7.403627063065954,166.04674834937856,28.59,76,34,4.49,sb,1680639545
184,olinda,-60.067103945789086,84.46500037767066,0.23,85,97,8.89,au,1680639545
185,leningradskiy,67.88889341710768,166.27440541056802,-25.22,87,15,1.47,ru,1680639546
186,east london,-72.68574097398326,-45.501931064065644,-0.01,87,100,12.0,ar,1680639546
187,beckley,-58.84515467489908,69.02935672427355,0.07,94,100,9.42,re,1680639546
188,san joaquin,86.14504375943,-115.42287614263476,-29.54,100,39,2.69,ca,1680639547
189,koumac,-36.700162804736955,-28.284116049711372,17.3,65,21,5.66,br,1680639547
190,port elizabeth,86.30476593813904,-115.76210095793635,-29.54,100,42,2.84,ca,1680639547
191,concordia,-6.250687272980983,-93.30732117684424,27.56,72,99,5.61,ec,1680639548
192,yarmouth,28.861996206502113,176.53649228449603,21.15,90,45,7.42,ki,1680639548
193,cabo san lucas,87.28388279807365,113.02018901000156,-28.63,100,85,4.69,ru,1680639549
194,tadepallegudem,4.673505747144105,146.5379907649073,25.96,88,100,4.66,pg,1680639549
195,mehamn,-19.94433282470753,48.96990241955132,26.76,78,11,2.52,mg,1680639550
196,nouakchott,53.36766498742992,66.38667782782943,0.2,78,64,2.88,kz,1680639550
197,gorontalo,29.954749137340855,55.26155401863318,12.5,21,0,4.42,ir,1680639551
198,barmer,5.593006276574016,164.2113741591674,27.95,80,100,7.08,ki,1680639551
199,vredendal,-11.897890244162966,105.18460412975287,27.0,68,46,0.5,id,1680639552
200,yakeshi,-33.94197212712905,-120.88260390664652,20.45,91,100,7.08,pf,1680639552
201,ancud,-77.48015253281393,44.25960369448981,-40.15,100,100,3.89,za,1680639552
202,altamont,-86.21179136703718,-70.90493909824492,-33.27,57,0,10.2,ar,1680639553
203,faya,85.03174229916343,10.011210116303744,-31.67,100,43,3.61,sj,1680639553
204,san patricio,29.748460166216006,142.6756796538063,15.13,62,0,8.41,jp,1680639553
205,nizhneyansk,56.101019720411955,59.95297986183459,5.12,87,90,1.78,ru,1680639554
206,cherskiy,-79.56429824567536,-19.962674067426065,-31.75,75,16,4.38,ar,1680639554
207,lasa,-49.267375112204235,-34.65219168999158,5.01,78,15,2.7,uy,1680639554
208,obidos,62.827410012533505,-89.62449707461988,-16.66,86,100,2.2,ca,1680639554
209,kasongo-lunda,60.536301285529504,94.73664148535681,-15.63,94,97,3.37,ru,1680639555
210,itapecerica,85.7097025096879,-45.87875206767532,-31.39,100,31,1.41,gl,1680639555
211,mbala,-64.53211441164126,22.496713534495512,-1.15,78,59,3.62,za,1680639555
212,lebu,-25.520156390201763,-29.59076528821987,24.45,59,100,6.54,br,1680639556
213,sao joao da barra,76.71998120786543,85.46579626010981,-30.64,100,100,3.41,ru,1680639556
214,vao,81.28705180440699,-158.16539040996838,-25.25,97,90,5.14,us,1680639556
215,shrigonda,-28.969696901470122,-134.60528205723202,23.69,69,0,8.92,pf,1680639556
216,zhangye,40.118375559007745,20.20176935068747,6.18,90,100,2.68,al,1680639557
217,sola,-5.30641357612447,-49.61937864115458,27.18,79,33,1.53,br,1680639557
218,hirado,-3.9502275937783793,-146.20010315819022,27.54,77,8,6.45,pf,1680639557
219,caravelas,-79.29233292381865,-13.439128599072262,-37.8,93,44,4.95,za,1680639558
220,pangnirtung,79.52011026679901,-67.2301848683256,-29.83,94,12,0.93,gl,1680639558
221,rawson,-67.27446166140462,15.240605275722316,-5.56,74,100,6.04,za,1680639558
222,wajir,-60.07419368503906,-85.8455435423829,2.66,70,93,8.18,cl,1680639559
223,saleaula,-36.02246870949094,133.8470920127744,18.38,81,98,10.78,au,1680639559
224,matara,86.08192417649059,-49.0404521678951,-31.0,100,29,1.58,gl,1680639559
225,dutlwe,-77.40671280092208,160.23045558652547,-27.65,45,11,12.33,nz,1680639560
226,akonolinga,89.34633987726792,-166.68987277668916,-31.24,100,53,3.79,us,1680639560
227,phan thiet,-44.862960787565186,-4.965101273669831,11.78,95,100,5.74,za,1680639560
228,aklavik,-70.59455426704133,22.05298522622698,-16.81,72,100,7.21,za,1680639561
229,marstal,-16.496174737362608,-155.9717303337759,28.36,73,48,4.51,pf,1680639561
230,gat,13.694233280129339,-36.02585029070684,23.57,74,98,6.91,cv,1680639562
231,kirovskiy,-53.4448267346225,-163.38776238573226,10.85,93,100,12.54,ck,1680639562
232,rabo de peixe,19.827462918255677,-1.2296102884066613,30.66,5,45,4.15,ml,1680639562
233,minna,-45.464028502498344,100.6789587005789,8.56,64,71,8.1,au,1680639562
234,ribeira grande,-13.157035113610377,29.289496169335763,16.46,97,99,1.72,zm,1680639563
235,tura,10.876922362345525,-53.75242184265667,25.61,76,24,8.07,sr,1680639563
236,flinders,-0.12662962552832369,97.34735882934103,27.79,76,74,5.71,id,1680639563
237,tuktoyaktuk,-63.11610327219611,61.006986827642095,-0.79,72,87,3.37,mg,1680639564
238,sakakah,79.61000645635843,-30.385439716450463,-39.91,99,24,2.81,gl,1680639564
239,krasnyy chikoy,3.4988956340752537,69.46799297092949,28.14,68,48,3.75,mv,1680639564
240,conde,43.859899349684156,-151.50164735728129,9.47,97,100,7.03,us,1680639565
241,komsomolskiy,32.77381552618715,-169.3999973598933,17.47,80,41,2.66,us,1680639565
242,qixia,-70.56585816205379,74.2569741219458,-21.08,77,57,7.63,re,1680639565
243,hasaki,-69.33219880727869,149.58228338403615,-21.09,59,4,10.01,au,1680639566
244,mpanda,-34.70503369350995,-120.40423068973762,19.31,89,100,9.3,pf,1680639566
245,litayen,-29.645347011396005,35.17592402630618,23.94,73,35,8.46,za,1680639566
246,okha,-19.73674820757641,-164.75200017558512,25.39,65,25,2.81,ck,1680639567
247,ribas do rio pardo,-47.77224673740554,129.79999722841217,8.56,71,100,5.34,au,1680639567
248,lleida,-42.85838964798963,73.25948809099685,14.6,70,56,8.17,mu,1680639567
249,nikolskoye,-29.731780434913624,22.842940751527607,19.52,28,1,2.55,za,1680639567
250,lohardaga,-57.976952456944474,-128.28888866723975,0.57,61,100,8.6,pf,1680639568
251,fort beaufort,-30.237756011287942,173.91067689343163,20.73,63,100,5.43,nz,1680639568
252,kytlym,22.608330808002805,140.21259623099752,21.37,58,0,12.51,jp,1680639568
253,nome,18.19653795528164,176.80706644096097,24.99,67,67,7.44,ki,1680639569
254,rio gallegos,-58.578016462489096,160.95462005187665,1.71,78,100,3.37,nz,1680639569
255,bafq,-44.81207928389698,-54.80631016698027,13.05,60,8,1.87,ar,1680639569
256,bocas del toro,7.71285285024797,53.32106632266368,27.99,77,13,5.46,so,1680639569
257,maputo,-13.919556185323017,161.9813303658372,28.91,76,100,5.54,sb,1680639570
258,srednekolymsk,55.78114204782011,179.787514274179,1.65,74,100,4.59,ru,1680639570
259,masaka,84.9945856212752,-21.75744327766415,-31.64,100,29,2.23,gl,1680639570
260,jardim,24.410438642795555,96.83312762891933,17.45,65,0,1.13,mm,1680639571
261,boden,53.795221142032176,-68.83607651961364,-9.14,85,100,8.92,ca,1680639571
262,palmer,-67.37523832300299,155.0004544089466,-5.74,88,100,9.19,nz,1680639572
263,monte alegre de minas,65.28411810700138,75.0715204472638,-15.15,75,9,6.64,ru,1680639572
264,ballymena,-52.3060086810982,2.6545578796996665,0.54,74,99,2.33,za,1680639573
265,torbay,88.38319684828534,-163.64382311858577,-30.25,99,35,3.94,us,1680639573
266,marcona,-19.056625504328096,4.185226581423706,22.34,83,22,8.26,ao,1680639573
267,khandyga,-2.939909167118799,-23.049622004007347,27.94,68,29,1.32,sh,1680639574
268,hobyo,50.505307380936046,31.379673770866276,3.61,91,100,4.5,ua,1680639574
269,lima,-46.78661201010928,176.67719958827502,13.63,87,69,7.34,nz,1680639574
270,labutta,-21.42295866440989,-2.216886756801955,23.02,80,100,7.93,sh,1680639575
271,guerrero negro,-89.07701847392465,-146.4157540621907,-35.49,92,100,5.6,pf,1680639575
272,isangel,-12.132587536744879,-58.08034452210836,26.97,82,46,0.79,br,1680639575
273,ikwiriri,-84.30483138247112,-159.57771807506887,-36.37,93,100,2.61,pf,1680639576
274,nemuro,63.306912440160716,172.4565003475485,-19.12,99,100,1.69,ru,1680639576
275,formoso do araguaia,-17.682332726983375,96.87899378567613,25.08,84,99,7.52,id,1680639576
276,yining,-26.563890176603927,-77.28526876906447,19.33,72,2,5.09,cl,1680639577
277,prince rupert,-36.344012188740486,74.11573716224026,17.87,66,22,8.04,mu,1680639577
278,simbahan,22.365728180637618,146.49432328139847,20.73,58,35,14.1,jp,1680639577
279,souillac,63.73224115776148,-43.12123013911378,-13.14,95,100,4.43,gl,1680639578
280,ramsar,-48.100206465258594,-86.08632865646406,9.74,87,100,11.72,cl,1680639578
281,gwadar,-46.890103677189984,8.079859853300661,5.0,79,100,5.97,za,1680639578
282,sangmelima,63.67456842885369,106.87299322515958,-33.35,99,51,1.73,ru,1680639579
283,malwan,-42.2596905677437,73.70965219678752,14.28,70,2,7.18,mu,1680639579
284,vorobyevka,-32.48316345224745,123.04457150138921,12.02,94,2,2.52,au,1680639579
285,eyl,34.87512664709298,-7.159509570377622,16.97,76,100,1.66,ma,1680639579
286,victoria,28.479436055307204,-99.5627999820375,34.01,19,88,4.43,us,1680639580
287,kungurtug,-62.54477657682811,90.86987419314715,-0.86,82,44,9.27,au,1680639580
288,noyabrsk,-6.735471987679361,-23.02440461527371,27.07,78,100,5.12,sh,1680639580
289,rosarito,-51.366152272718715,113.83338042159892,4.23,97,100,6.13,au,1680639581
290,tomakomai,-13.332842045701554,57.95581441609977,27.63,77,73,4.32,mu,1680639581
291,pochutla,-47.763041879011276,26.370600251919853,4.76,73,70,10.56,za,1680639581
292,amga,-25.019650309295486,-114.27763818216081,25.16,84,9,6.62,pf,1680639581
293,ust-maya,-63.25107871208827,62.17595405899323,-1.01,70,100,4.1,mg,1680639582
294,carbonia,-86.89027576134245,-91.9740413537488,-39.05,77,0,5.58,cl,1680639582
295,baykit,46.36046174073539,81.31218476929712,3.29,33,0,10.76,kz,1680639582
296,biltine,83.68988328940429,57.34666719782561,-31.18,99,85,5.46,ru,1680639583
297,tautira,50.50684630290121,-168.0698884619221,4.46,84,100,6.63,us,1680639583
298,tezu,-63.248407120711924,161.75511931501848,-0.34,73,14,0.43,nz,1680639583
299,lagoa,45.039613401437066,97.95498242934161,-9.41,65,98,2.6,mn,1680639583
300,okhotsk,29.369423878892903,142.61221219463,15.46,62,0,8.78,jp,1680639584
301,iqaluit,81.7043435109949,-52.746114314871036,-31.21,91,9,1.06,gl,1680639584
302,klaksvik,-88.34949452527,-115.65075918466479,-40.73,100,92,6.63,cl,1680639584
303,pevek,46.941598518444806,122.9509137922197,-0.65,23,0,2.01,cn,1680639584
304,ponta delgada,-4.543256422953164,149.835170783019,28.5,69,100,2.13,pg,1680639585
305,mount gambier,28.12496700213012,177.2591740913744,21.21,88,28,7.49,ki,1680639585
306,laguna de perlas,-58.683679889595034,13.573760760551039,-1.11,66,100,9.16,za,1680639585
307,egvekinot,-25.61899893737848,103.4425750208652,22.36,61,80,5.56,au,1680639586
308,chardara,71.59111989295184,19.10629407514014,1.76,82,100,2.49,no,1680639586
309,haines junction,-35.920506458024946,14.264298898438597,18.46,75,41,3.2,za,1680639586
310,beloha,-44.5458378722668,-79.10489422363622,13.26,97,100,9.97,cl,1680639587
311,inhambane,-16.7171371084396,-103.87867122517491,25.34,71,95,4.94,ec,1680639587
312,arrifes,-8.977861518565305,-28.89432655393145,27.31,67,100,5.49,br,1680639587
313,ishigaki,-40.49021261318943,45.078151475615556,16.48,95,100,8.93,mg,1680639588
314,maragogi,80.53952245423324,177.00835225703423,-29.61,100,100,2.61,ru,1680639588
315,mandalgovi,-26.6987285064572,98.3233347667076,21.14,72,87,6.46,au,1680639588
316,marilandia,-50.11938564376934,43.74543294746621,5.12,97,100,12.24,za,1680639588
317,ratnagiri,38.18603539269739,-80.59730449515057,23.81,44,10,3.3,us,1680639589
318,orlik,38.969423743710905,-152.7873023521266,13.0,97,100,5.1,us,1680639589
319,carutapera,-30.79664366448508,-74.19454536115704,17.56,76,0,5.62,cl,1680639589
320,blonduos,-19.29406596508639,-59.22558684615437,30.52,54,84,2.5,bo,1680639590
321,saint-georges,-23.225922853828834,160.75935641582976,24.89,82,21,2.55,nc,1680639590
322,marawi,-74.81456155090444,33.04137185696922,-38.06,99,100,5.34,za,1680639590
323,tucurui,-80.86823104426114,-48.38410574837991,-25.17,89,100,12.76,ar,1680639590
324,bonavista,-68.12028319447695,-101.2549300869283,-6.14,81,100,12.34,cl,1680639591
325,yaksatovo,26.063724130213572,-103.0190570675249,29.6,11,100,6.32,mx,1680639591
326,hattiesburg,44.03620165411667,-66.0304933803867,6.68,91,100,1.34,ca,1680639591
327,guozhen,74.51790142827619,-17.758778405989005,-19.74,97,100,10.41,gl,1680639592
328,vila do maio,-61.54892967068603,177.80636418461017,3.02,77,99,9.76,nz,1680639592
329,adwa,7.340585847012548,-121.90083489588733,26.47,81,90,7.31,mx,1680639592
330,barcelona,16.91226887158308,81.37814607086796,25.94,86,53,1.1,in,1680639592
331,falealupo,34.21406298112933,166.4995367026085,15.43,95,100,5.35,ru,1680639593
332,chulman,85.18044931531907,28.71444710121719,-32.17,100,40,3.88,no,1680639593
333,daru,81.91324201397856,127.79998910814709,-22.2,99,100,2.92,ru,1680639593
334,sungaipenuh,18.68830557126482,-17.401724142076404,20.8,73,74,9.68,mr,1680639593
335,nyimba,-55.70458720733797,82.93429699800191,1.93,75,93,8.87,au,1680639594
336,chokurdakh,-61.76006993905973,-12.975506303114429,-1.24,87,99,8.73,za,1680639594
337,sokoni,-47.915738645563984,-156.70269098723253,12.69,83,100,11.11,pf,1680639595
338,tiznit,79.49922036798802,-109.96567180686168,-24.44,97,27,3.35,ca,1680639595
339,berberati,0.7151114064404851,123.6140680522335,20.15,96,100,0.37,id,1680639596
340,zhigansk,26.362441575983325,71.3360867537092,25.98,24,1,4.5,in,1680639596
341,satitoa,-31.926104955189402,18.549387482665082,21.42,40,0,3.77,za,1680639596
342,pakxan,-29.460355734546276,92.82639161604567,19.99,65,83,6.25,au,1680639597
343,paka,-23.5002365292451,-147.98505926200022,24.36,76,97,4.29,pf,1680639597
344,porto santo,47.82904521843531,121.18710940462154,-7.62,40,0,1.79,cn,1680639597
345,omboue,-67.4002191319053,95.34723867587866,-15.62,75,100,9.19,au,1680639598
346,vardo,-40.712803891619934,-103.05441941450927,13.47,67,86,8.31,cl,1680639598
347,svetlaya,42.23600701238371,-120.65872559795696,-2.71,56,100,5.3,us,1680639598
348,kasangulu,14.064347535369578,-114.3592588051881,24.93,72,0,5.84,mx,1680639599
349,lucapa,20.67075252203047,24.458928364375538,25.25,9,100,4.5,td,1680639599
350,ligayan,9.152941854116563,-109.95078895511892,26.83,74,89,0.73,mx,1680639599
351,camacha,85.66273306396099,137.33330471493423,-29.25,99,44,5.43,ru,1680639599
352,ahome,84.24623117083488,158.0352886695423,-29.32,100,97,4.48,ru,1680639600
353,chernyshevskiy,-40.91108450800023,169.823393837543,16.59,75,3,4.96,nz,1680639600
354,hami,35.29919494987422,91.66861123514201,-14.81,35,89,2.73,cn,1680639601
355,suoyarvi,-2.551211984278794,-55.481401797287205,29.71,61,36,1.74,br,1680639602
356,ilulissat,-38.770474706270164,-153.2330322331306,16.35,76,100,2.82,pf,1680639602
357,cidreira,-89.79831941606267,-47.26284876459232,-36.19,87,100,5.16,ar,1680639603
358,ust-kuyga,30.330004053341938,-163.06898032100844,20.78,83,51,4.73,us,1680639603
359,botwood,76.40778303524093,60.34344707458786,-18.98,95,100,3.44,ru,1680639603
360,dudinka,-26.83846278321881,-12.038963069924733,24.01,76,99,3.13,sh,1680639604
361,itarema,-89.05255477077787,2.607030373014794,-37.6,86,100,5.8,za,1680639604
362,ippy,-7.465098144313899,17.085131439447196,22.13,91,99,0.86,cd,1680639604
363,dobryanka,-20.338788604189816,-44.99985902115935,22.89,81,23,0.66,br,1680639605
364,at-bashi,-2.170777657980338,-13.227449829528496,27.12,76,100,1.11,sh,1680639605
365,belaya gora,-8.80750915482676,31.621241158222404,14.68,97,74,1.5,zm,1680639605
366,namatanai,-62.163268632202886,-73.96734497541156,2.27,88,100,6.91,ar,1680639606
367,ahipara,-28.85142150213202,36.5110901161633,24.92,69,77,6.6,za,1680639606
368,samarai,-36.96264873563507,-74.18665778282752,14.88,84,100,7.5,cl,1680639607
369,la paz,1.8580129105763348,72.7507314213565,27.92,72,9,3.97,mv,1680639607
370,panjab,-28.903339926322573,-32.107158309756585,22.32,57,6,3.41,br,1680639607
371,cape canaveral,-26.973146707415104,170.55960690550143,22.52,88,100,11.28,nc,1680639608
372,kaya,83.70160204144423,113.95453466950664,-20.26,98,100,3.22,ru,1680639608
373,longyearbyen,18.638440826567162,74.7498951952993,28.01,36,51,5.0,in,1680639608
374,vestmannaeyjar,36.45465589160064,98.45482468166773,-8.54,28,1,3.89,cn,1680639609
375,arlit,-5.809697253298523,-16.618991496544226,25.36,86,100,4.9,sh,1680639609
376,kamenskoye,-79.0494026964492,-89.71536053070038,-31.46,98,100,8.5,cl,1680639610
377,aketi,-13.055955222443941,-21.715476963228525,25.92,76,27,6.74,sh,1680639610
378,kenai,-14.779372509569413,168.48928652065115,28.64,74,98,6.14,vu,1680639610
379,mbuji-mayi,87.86400502604911,-62.91291906535734,-30.99,100,54,2.57,gl,1680639611
380,knysna,-67.02129783286331,-68.16564907376406,-5.62,98,100,5.13,ar,1680639611
381,jijiga,-87.76954684581442,112.18701210463763,-40.03,72,99,5.99,au,1680639611
382,carupano,-69.64396607041591,118.97499849736897,-19.29,96,100,8.09,au,1680639612
383,buraydah,-50.874970133114715,-90.81450767832747,3.81,89,66,26.07,cl,1680639612
384,shenjiamen,-80.2769703360415,-104.40436017783092,-34.27,95,37,7.66,cl,1680639612
385,attawapiskat,77.38726941572608,89.39497226520655,-28.58,100,100,2.37,ru,1680639613
386,lolua,33.41756943343522,128.90979789968145,16.7,79,100,14.03,jp,1680639613
387,touros,-18.76555063972023,-34.765907609869885,27.33,69,58,5.08,br,1680639613
388,boisoara,-19.9010130018428,-121.27022483551718,26.36,74,10,4.15,pf,1680639614
389,camopi,-41.05288248512605,-24.698283858298424,12.08,69,100,10.64,br,1680639614
390,puerto madryn,-84.50140847495686,40.10923735997969,-40.14,84,23,8.37,za,1680639614
391,somerville,-72.8162419795944,-67.19260118486648,-6.71,75,100,2.24,ar,1680639615
392,portland,69.84979871602945,-62.45643701681139,-20.2,92,47,5.2,ca,1680639615
393,linxia,-51.19204331288392,-58.478372140532684,10.02,93,28,3.61,ar,1680639615
394,kavieng,1.7287101809608743,40.97153281006098,27.09,71,100,5.23,ke,1680639615
395,khonsa,3.6764240195283264,-170.00768638746374,27.29,80,41,7.37,ws,1680639616
396,banda aceh,-2.4679187722001785,83.01030010051943,27.98,73,5,2.65,lk,1680639616
397,trapani,17.526323393128763,-146.22350842375874,22.64,78,12,10.06,us,1680639617
398,niquelandia,-59.34815193220838,112.53308110167313,1.52,84,100,10.63,au,1680639617
399,katangli,-60.60366461852955,-12.930250949434054,-0.78,83,100,7.75,za,1680639618
400,kysyl-syr,-23.102724244315567,24.114452412855314,24.37,23,0,3.86,bw,1680639618
401,saint-augustin,77.24326576726665,8.196922579185696,-4.61,75,100,3.3,sj,1680639619
402,tyrma,19.924358756865672,135.37123409926244,23.48,64,100,11.57,jp,1680639620
403,alyangula,-10.40174610653169,-3.1363126444159093,25.6,71,100,4.84,sh,1680639620
404,pangai,24.100165032685325,-167.13446827435166,22.39,81,0,7.75,us,1680639621
405,yaring,-66.70308100592814,-112.00607404815625,-5.41,83,100,10.61,cl,1680639621
406,karratha,-52.64556174548915,109.38960694341466,3.92,68,100,7.56,au,1680639621
407,ranfurly,3.3625768141385777,12.258783299501118,20.47,87,97,0.68,cm,1680639622
408,kuala terengganu,-42.12865251104143,29.426921934311736,17.57,89,100,15.17,za,1680639622
409,wattegama,-58.14019719554826,63.92980393122525,0.19,98,100,16.15,mg,1680639622
410,makakilo city,89.50822330992747,108.31445500382307,-29.65,100,100,3.99,ru,1680639623
411,shangrao,5.21194383302506,170.60883219141226,27.62,81,64,8.19,ki,1680639623
412,batemans bay,7.949727250572678,110.89999211689104,27.76,73,25,3.21,vn,1680639623
413,labuan,-5.310292629829661,-7.750990083731864,27.56,74,94,6.74,sh,1680639624
414,morehead,73.62758939993523,-141.39352917579532,-16.08,92,100,5.67,ca,1680639624
415,aban,54.953048288734436,10.466965293818816,6.03,63,15,2.62,dk,1680639624
416,broken hill,21.760169758741768,9.379556836993004,25.28,7,0,4.49,ly,1680639625
417,kudahuvadhoo,9.23162019461759,-144.13603316156536,25.67,84,100,9.77,us,1680639625
418,wuwei,-83.98286572913788,-67.48465991073863,-31.9,85,100,5.52,ar,1680639625
419,roma,-17.642666655718358,102.9775050419953,25.71,81,21,3.86,id,1680639626
420,oktyabrskoye,44.890939985935916,48.95706373184319,8.08,77,0,4.36,ru,1680639626
421,kasamwa,-80.860600020491,-83.24150834154726,-31.6,99,100,6.32,ar,1680639626
422,lorena,39.91379615871742,-24.52505841648582,14.86,79,36,5.18,pt,1680639627
423,atyashevo,9.900832970427416,6.594295917224372,33.27,18,100,0.9,ng,1680639627
424,stretford,34.02040039274621,-32.166916872043714,17.28,67,96,6.29,pt,1680639627
425,zyryanka,37.818920683960755,-136.0233501484867,11.58,70,100,5.95,us,1680639628
426,canyon lake,40.674352487052914,-161.71154305233316,12.07,93,100,9.47,us,1680639628
427,rincon de la victoria,67.02975443560825,98.11942783146583,-32.12,100,74,1.43,ru,1680639628
428,harper,-35.31544201021825,128.62221312999873,18.43,91,0,6.05,au,1680639629
429,wahran,76.13997305619986,-61.035539656890066,-25.46,83,4,0.89,gl,1680639629
430,karkaralinsk,0.8821143539449139,-102.60896168530282,26.3,74,25,2.22,ec,1680639629
431,bolshoye ignatovo,-27.579321590207904,129.38026710162956,21.87,74,18,4.49,au,1680639630
432,gainesville,86.88724114825416,-140.73638951035426,-29.24,99,28,3.68,ca,1680639630
433,san luis,29.780379037743685,38.42036504084146,24.37,16,94,3.02,sa,1680639630
434,machachi,-29.608555013012833,89.23046812178575,20.02,74,89,5.91,au,1680639631
435,codrington,49.525392244517036,109.01837896512268,-14.1,93,24,1.7,ru,1680639631
436,colinas,-13.919318113243747,-34.5842878486736,27.28,70,41,5.03,br,1680639631
437,lompoc,-6.869669287673602,-159.10920890149382,28.28,76,5,7.21,pf,1680639632
438,chumikan,65.96575071391496,171.1717625302208,-24.43,94,9,1.06,ru,1680639632
439,byron bay,-48.95402608284383,-88.78582466163346,6.78,71,100,16.8,cl,1680639632
440,sao filipe,8.734944751422134,-16.845630624336422,27.21,79,0,2.52,gw,1680639633
441,san quintin,61.27916594362401,-176.29849437461357,-8.78,76,100,4.01,ru,1680639633
442,paray-le-monial,-32.38328902605423,99.38929071323713,18.43,67,100,2.8,au,1680639633
443,agadez,37.276754847915925,120.950268824494,9.33,98,100,2.64,cn,1680639634
444,santa fe do sul,89.35064928692833,-5.834065408289689,-30.94,100,85,3.54,sj,1680639634
445,saint-leu,23.257759796094007,155.79027775754753,21.16,70,87,12.97,jp,1680639634
446,kirkwall,-69.40905828957692,-75.95321572522778,-0.9,94,100,9.56,ar,1680639635
447,asau,-81.18430695860691,176.35630804016807,-34.12,86,17,3.65,nz,1680639635
448,sault sainte marie,-46.315913495239194,30.57633863578505,6.82,77,92,14.79,za,1680639635
449,ca mau,-45.08263461980193,97.80134721969245,9.25,65,9,6.87,au,1680639635
450,sentyabrskiy,-41.479709284895975,-76.17840757636876,16.04,91,100,5.99,cl,1680639636
451,semey,-6.428291685820497,31.395030516191895,17.2,94,87,0.98,tz,1680639636
452,owando,7.088783810245374,123.89522893292991,26.87,73,86,2.89,ph,1680639636
453,constitucion,55.41442992134125,143.6500884970099,-6.8,82,19,9.16,ru,1680639637
454,jasper,-20.685404061815206,-53.11526362013585,28.86,55,0,1.13,br,1680639637
455,san matias,41.78930776934595,0.6198542927369033,12.52,66,0,6.17,es,1680639637
456,kandrian,47.087160484369264,169.46678378213284,2.86,82,23,3.96,ru,1680639637
457,tilichiki,23.20106891245777,84.90993968279122,24.81,31,11,3.55,in,1680639638
458,dolores,-32.86035899864556,26.596125197746318,13.5,93,3,1.14,za,1680639638
459,tuatapere,59.58047935228427,58.62877478553216,-1.97,99,100,1.64,ru,1680639638
460,talara,-79.08590094084485,-129.82956304840476,-27.76,73,0,4.77,pf,1680639639
461,bambous virieux,-1.2874211173686803,-18.903435753374396,27.57,73,98,1.1,sh,1680639639
462,sorland,67.43076707642703,-162.94908073291487,-18.94,65,0,3.6,us,1680639639
463,krasnogvardeyskiy,7.117916384655743,171.69384040116938,29.0,82,81,8.75,ki,1680639639
464,broome,-52.22651653264901,-67.84284706763364,9.12,91,100,7.11,ar,1680639640
465,airai,32.81015378611504,55.50865016806128,14.02,28,0,1.54,ir,1680639640
466,kozuchow,-51.83359639141791,62.0152334579754,4.4,86,100,14.65,mg,1680639641
467,yatou,9.437377953012458,-81.73478248509116,27.43,73,50,4.09,pa,1680639641
468,paracatu,-88.87684742413465,-39.42484171692021,-39.47,93,100,5.17,ar,1680639642
469,atlantis,-29.687334473859806,-111.65176430663334,23.63,90,94,5.38,pf,1680639642
470,hamilton,-36.866974211944566,-7.744689500958231,19.38,85,100,9.79,sh,1680639642
471,dawson creek,-10.560732891746909,-11.992557819814778,25.68,71,11,4.64,sh,1680639643
472,barra patuca,-27.32247186599647,34.384573557947846,24.81,66,96,9.55,mz,1680639643
473,winburg,19.570154018280505,167.38579140429505,25.01,85,97,8.07,ki,1680639644
474,loding,68.47229031549847,151.405711882412,-17.34,87,100,4.78,ru,1680639644
475,tambun,70.94343475147753,113.92110034819433,-37.94,100,13,2.32,ru,1680639644
476,lavrentiya,-0.3783394630989676,31.89126008190408,20.4,79,100,1.52,ug,1680639645
477,portales,70.97632330958035,-94.10625050120977,-18.85,84,32,0.63,ca,1680639645
478,tarabha,-30.426233524559237,-81.53660748489277,18.5,64,69,1.14,cl,1680639646
479,lazaro cardenas,-18.219314372588016,-162.01078324458564,26.48,66,0,3.08,ck,1680639646
480,swan hill,4.120166530007253,-33.6522872287282,26.5,72,90,4.95,br,1680639646
481,gurgentepe,-52.08789933939786,101.92594581695624,4.21,78,68,9.28,au,1680639647
482,three hills,85.37925215098636,-156.49988507309854,-28.15,98,47,4.04,us,1680639647
483,kjopsvik,66.35644588761039,21.53681726561831,-2.09,93,100,1.37,se,1680639647
484,pinar del rio,7.236397632858129,-129.01402024247554,25.88,83,91,7.05,pf,1680639647
485,vysha,59.71144472179839,-148.564972545024,1.95,92,100,9.66,us,1680639648
486,berdigestyakh,-18.86506377506913,-49.04342284384765,25.61,63,88,1.13,br,1680639648
487,acapulco,-66.30093150778394,28.615736679210954,-3.09,69,100,5.01,za,1680639649
488,oranjemund,73.73599157962406,97.00233311523402,-24.21,99,100,1.92,ru,1680639649
489,imperatriz,82.8933508921121,-50.198522076408636,-32.28,97,26,0.7,gl,1680639649
490,snezhnogorsk,54.78474623318954,-6.414825136619754,10.54,76,20,4.63,gb,1680639650
491,henties bay,5.755513805718522,-123.19892983921733,26.66,80,81,5.48,mx,1680639650
492,grand river south east,-48.495059236356674,-6.218669148941473,2.86,80,100,9.41,za,1680639650
493,willemstad,44.464295511600994,-41.48437899799953,9.7,66,17,9.58,ca,1680639651
494,roebourne,75.57816998222611,57.585204389135015,-21.42,100,62,4.27,ru,1680639651
495,iskateley,41.71393197050594,-19.337985260702055,14.27,89,38,5.91,pt,1680639651
496,saint george,-18.461860725465357,-79.87333582408246,23.2,82,62,6.64,pe,1680639652
497,coihaique,63.22326550435454,134.99306407585402,-10.95,96,100,2.24,ru,1680639652
498,itoman,69.33017580207411,-76.50076492242106,-17.83,83,23,3.3,ca,1680639652
499,tabou,2.704245467574779,48.238614279045265,28.73,72,34,5.61,so,1680639652
500,lahat,-18.69160244188646,-88.83556000993383,22.73,75,97,6.0,pe,1680639653
501,denpasar,-77.36466503983007,-96.12488602282997,-23.7,96,100,11.54,cl,1680639653
502,paciran,15.571657311533727,95.11672059412854,26.78,78,41,8.54,mm,1680639653
503,houma,-42.35924569839302,44.83389483462523,10.43,90,88,5.68,mg,1680639654
504,husavik,-5.220734433973647,160.99776484098402,28.56,75,100,4.06,sb,1680639654
505,pedernales,-74.79958781725135,-11.764384399612595,-21.73,68,56,5.61,za,1680639654
506,alexandria,-74.3930507490407,140.11252880721116,-31.08,77,97,6.45,au,1680639655
507,zunyi,72.50300513677752,-39.20756784780511,-27.05,100,100,3.26,gl,1680639655
508,macaboboni,27.07031237106588,-114.00632478701547,17.99,36,100,8.99,mx,1680639655
509,kiama,-19.320387101990207,170.2100657733762,27.61,69,9,4.53,vu,1680639655
510,camana,81.02741453699525,-109.8676127615761,-24.96,98,34,2.86,ca,1680639656
511,vanimo,-8.158869349177678,39.10321706044101,23.32,95,60,1.59,tz,1680639656
512,dakoro,42.61047376603278,146.5186005550633,3.6,85,10,2.7,jp,1680639656
513,bambanglipuro,-11.190239345956854,-49.445256883881626,28.4,75,55,1.41,br,1680639657
514,verkhoshizhemye,43.978781220995984,80.74315266943603,7.72,20,3,2.94,cn,1680639657
515,uusikaupunki,9.829295144060154,-159.81044910635183,25.83,87,96,7.68,us,1680639657
516,bolungarvik,-50.574051917457176,153.48919926758214,6.23,68,55,18.9,au,1680639658
517,margate,48.68344178704467,-134.57644046101177,7.25,98,100,9.14,ca,1680639658
518,sinop,73.52844372507164,49.71401891264787,-7.3,73,100,13.09,ru,1680639659
519,esil,-67.0071773058765,98.1820970723399,-13.12,88,100,7.98,au,1680639659
520,karaul,-23.53782892010574,-80.46617503215447,21.34,70,100,6.11,pe,1680639659
521,virginia beach,7.928947979607159,120.17983081452923,27.44,72,99,1.46,ph,1680639660
522,alice springs,-47.62900238823119,71.41969989294725,8.32,91,100,9.98,mu,1680639660
523,port hawkesbury,-58.59919022284676,172.6396475851094,7.4,95,100,16.42,nz,1680639660
524,dakar,-62.19290029552393,170.05880537507068,0.79,99,100,11.11,nz,1680639661
525,qurayyat,-46.35416705067987,-1.9287361075900833,6.97,93,100,11.14,za,1680639661
526,xifeng,37.145188782771456,50.77665668899317,10.86,81,2,5.73,ir,1680639662
527,hansot,-36.78554721509937,-13.058684947784656,18.95,78,4,13.73,sh,1680639662
528,mys shmidta,-40.08412316459823,104.48531240309649,14.12,70,100,5.58,au,1680639663
529,one hundred mile house,-65.16682009100025,1.3016529731775677,-3.49,79,100,8.03,za,1680639664
530,ternate,-77.42264928782632,128.1495617074828,-36.15,100,97,4.19,au,1680639664
531,ottawa,-21.368449435262264,-1.6885875031953503,22.91,81,100,7.77,sh,1680639665
532,haapu,-54.69109833157464,162.2918021442598,4.8,68,48,5.79,nz,1680639665
533,neiafu,23.33052336441189,63.00365037991901,24.56,64,0,4.2,pk,1680639665
534,cap-aux-meules,2.101524585994639,13.151396636387886,20.81,87,52,1.0,cm,1680639666
535,nassau,14.678058978516304,69.37963545561934,26.94,71,5,3.36,in,1680639666
536,morro bay,-45.7471900860254,82.84613449437182,11.5,90,100,10.16,au,1680639666
537,tayu,50.66599546975053,41.18481156668071,7.77,78,99,1.19,ru,1680639667
538,aripuana,5.956708241523174,145.90026385742084,27.96,78,100,6.06,pg,1680639667
539,mancio lima,61.7437582849478,-145.86647414509162,-2.59,76,100,1.87,us,1680639668
540,iwanai,6.950808784395505,52.68249874528357,28.22,76,10,5.83,so,1680639668
541,naze,21.691892018564673,167.91637355233462,24.49,87,100,8.88,ki,1680639668
542,bjornevatn,33.87601851442854,-40.364083052906864,17.73,63,100,4.22,pt,1680639668
543,garango,-0.2449442520903915,55.08073383202415,28.36,73,0,3.31,sc,1680639669
544,fevralsk,50.52152841945289,97.13777385342206,-14.12,77,94,2.6,ru,1680639669
545,kalakamati,-64.56636764148038,35.00541221681206,-2.71,76,100,5.23,za,1680639669
546,burnie,63.441290470040116,74.77445041473501,-13.53,76,100,4.7,ru,1680639670
547,solnechnyy,-29.163768878443378,64.1173541265646,23.48,85,100,8.17,mu,1680639670
548,rocha,29.047749381210863,-121.24094979873189,13.04,64,1,9.27,mx,1680639670
549,sao felix do xingu,42.44614260424652,141.69784324838196,5.13,75,99,2.17,jp,1680639671
550,urumqi,84.12050361423428,-144.57018334918095,-27.29,99,45,3.45,us,1680639671
551,iracoubo,-57.05019460078703,-112.11854841691562,0.9,50,76,8.49,pf,1680639671
552,tiruvottiyur,13.219401972451195,-97.01075468692304,28.24,65,100,2.08,mx,1680639672
553,bay roberts,-77.92977056022963,-21.94095839353514,-24.97,91,96,3.86,ar,1680639672
554,xiamen,59.91293112549954,132.40683619570126,-5.64,95,100,4.04,ru,1680639672
555,kukes,79.83673970156116,111.03327782703713,-35.58,100,29,1.2,ru,1680639673
556,talcahuano,57.72529665369083,133.72385321477964,-9.33,84,100,3.11,ru,1680639673
557,kokopo,60.9997498910609,178.4716011978873,-3.03,87,100,5.99,ru,1680639673
558,imbituba,-51.92671635434537,2.800540283912369,0.92,74,100,2.44,za,1680639674
559,montrose,38.039194491016474,8.292284285189083,14.23,72,58,8.62,it,1680639674
560,dongsheng,-84.31711365096388,40.04623383306691,-40.08,84,23,8.49,za,1680639674
561,hualmay,-82.4165833724905,40.76219481841696,-41.06,86,23,9.03,za,1680639674
562,saint-fabien,64.09838406790567,96.55411362770252,-21.52,99,100,1.43,ru,1680639675
563,samusu,-82.29616918887498,-50.07623788128643,-22.28,59,100,7.51,ar,1680639675
564,katunino,-66.7430569140124,-54.087701207256956,0.06,84,18,12.21,ar,1680639675
565,nyuksenitsa,-85.32202059156236,-6.772177627971615,-44.21,85,7,5.67,za,1680639676
566,ust-nera,14.233102158313287,21.375985954121404,29.76,13,100,3.47,td,1680639676
567,sukpak,-17.535034451061648,-148.37669981486442,27.47,75,70,2.29,pf,1680639676
568,berlevag,-11.03597849361472,-50.30640547455792,28.22,74,29,1.32,br,1680639677
569,balakhta,28.475226459599583,97.18689426799699,-7.61,90,94,1.42,in,1680639677
570,opobo,49.65939845785854,-32.363771361857175,9.0,65,99,10.75,pt,1680639677
571,brae,-67.39049194682134,159.02145609037984,-4.87,91,100,8.28,nz,1680639677
572,kiunga,-32.72040065766026,62.051374493685984,21.85,80,100,7.82,re,1680639678
573,kjollefjord,58.947150145649545,142.76047531190784,-5.53,95,100,6.81,ru,1680639678
574,gomel,-51.81970551269386,65.22130186997387,7.27,93,100,18.8,re,1680639678
575,ituni,-61.586049133209784,22.250500847489604,-1.01,92,100,4.2,za,1680639679
576,usakos,58.61875280388065,-63.81693539055142,-16.81,82,100,2.8,ca,1680639679
577,darnah,79.18924857674295,-29.53146300172395,-38.5,92,11,3.3,gl,1680639679
578,tual,75.24699037709249,124.99254727780351,-27.74,100,99,2.82,ru,1680639680
579,songea,-16.549815239456805,-4.60323110030663,24.29,78,4,5.6,sh,1680639680
580,sabang,72.59385033474376,-2.5606723279991,0.25,99,100,9.34,fo,1680639680
581,minas,55.56770875148146,179.52161478410375,1.83,73,100,4.57,ru,1680639681
582,meulaboh,20.925946705051643,-123.09271710668152,17.73,75,100,10.51,mx,1680639681
583,schubelbach,-13.110383998675914,84.96757024328036,26.66,76,88,7.07,mv,1680639681
584,gangotri,87.89460867115375,165.3651956417914,-29.63,99,43,4.36,ru,1680639682
585,mineiros,-49.955958512391184,177.63181768186735,9.69,90,82,7.07,nz,1680639683
586,saint-francois,61.03962522830176,-63.07407268753657,-13.48,78,100,7.91,ca,1680639683
587,riyadh,32.216486202973684,-28.11247781100559,17.69,74,100,8.7,pt,1680639683
588,jian,-60.09920510097474,127.3219580833067,2.32,76,100,9.73,au,1680639684
589,kavaratti,12.640202971398963,-84.10059597879491,32.76,37,3,4.12,ni,1680639684
590,kazalinsk,65.39663420135611,-179.86577901842693,-24.59,97,99,0.64,ru,1680639684
591,prince george,41.3727232195601,67.36137284082918,12.37,60,100,3.31,kz,1680639684
592,rio linda,61.15571655251668,-142.34957635477232,-3.46,78,91,1.01,ca,1680639685
593,yeppoon,-43.11217043485661,105.98164185058374,12.72,85,100,8.26,au,1680639685
594,kabare,-30.148777354586088,43.32036400363381,23.46,84,98,3.86,mg,1680639686
595,murliganj,-22.54987193007662,36.108753951363326,25.04,79,2,3.51,mz,1680639687
596,rungata,36.48202983267946,-27.330453042318,15.5,76,73,6.59,pt,1680639688
597,kipushi,23.466866185122115,124.20225767408539,22.88,70,17,8.5,jp,1680639688
598,port hedland,-14.444140141945454,-28.439152244885207,26.47,74,95,5.45,br,1680639688
599,la rioja,44.790667459564816,105.82449255920835,-0.27,34,100,4.7,mn,1680639689
600,kloulklubed,-19.44443943040595,-40.43629226887177,25.13,66,100,4.42,br,1680639689
601,onega,-44.665201838179975,-27.466497631373898,8.83,68,100,8.62,br,1680639690
602,krasnovishersk,8.936184742614273,-174.29800786685578,26.84,83,0,10.77,us,1680639690
